2;Test Name 1;2;Beschreibung+testing+lange+text%3F+%3A%29;01.11.2018 11:18:00;01.11.2018 11:18:00
2;Test Name 3;3;Beschreibung+testing+lange+text%3F+%3A%29;01.11.2018 11:18:00;01.11.2018 13:18:00
2;Test Name 1;2;Beschreibung+testing+lange+text%3F+%3A%29;01.11.2018 11:18:00;01.11.2018 11:18:00
2;Test Name 3;3;Beschreibung+testing+lange+text%3F+%3A%29;01.11.2018 11:18:00;01.11.2018 13:18:00
2;Test Name 1;2;Beschreibung+testing+lange+text%3F+%3A%29;01.11.2018 11:18:00;01.11.2018 11:18:00
1;Test Name 3;3;Beschreibung+testing+lange+text%3F+%3A%29;01.11.2018 11:18:00;01.11.2018 13:18:00
1;Test Name 1;2;Beschreibung+testing+lange+text%3F+%3A%29;01.11.2018 11:18:00;01.11.2018 11:18:00
1;Test Name 3;3;Beschreibung+testing+lange+text%3F+%3A%29;01.11.2018 11:18:00;01.11.2018 13:18:00
1;Test Name 1;2;Beschreibung+testing+lange+text%3F+%3A%29;01.11.2018 11:18:00;01.11.2018 11:18:00
1;Test Name 3;3;Beschreibung+testing+lange+text%3F+%3A%29;01.11.2018 11:18:00;01.11.2018 13:18:00
